Time,Voltage,Current,Temperature
100,3.99967,3.7,20
200,3.99951,3.7,20
300,3.9994,3.7,20
400,3.98403,3.7,20
500,3.97056,3.7,20
600,3.97001,3.7,20
700,3.95678,3.7,20
800,3.94134,3.7,20
900,3.93578,3.7,20
1000,3.91789,3.7,20
1100,3.89099,3.7,20
1200,3.85456,3.7,20
